fold,mae,rmse
1,35.964105224609376,38.56428784348286
2,30.870254516601562,34.48777523449432
3,31.561660766601562,35.15280677582873
4,32.84705810546875,36.28529531711159
5,29.22249755859375,31.093940011982237
